{"nodes":{"node:1999":{"location":{"x":456,"y":-48}},"node:2999":{"location":{"x":783,"y":128}},"node:4294967295":{"location":{"x":796,"y":-82}},"node:999":{"location":{"x":-108,"y":95}}},"selection":null,"view":{"scroll":{"x":-187.147628784179688,"y":-245.834701538085938},"visible_rect":{"max":{"x":1111.8524169921875,"y":499.165283203125},"min":{"x":-187.147628784179688,"y":-245.834701538085938}},"zoom":1}}